{
    "metadata":{
        "generator":"io_three",
        "version":3,
        "uvs":0,
        "vertices":160,
        "type":"Geometry",
        "normals":99,
        "faces":116
    },
    "uvs":[],
    "vertices":[20.8031,0.788059,7.90466,23.3682,0.788059,7.90466,23.3682,0.788059,10.4645,16.5169,0.788059,10.4645,16.5169,0.788059,7.90466,20.8387,0.788059,4.75465,20.8387,0.788059,4.58636,19.0298,0.788059,3.3183,19.0298,0.788059,4.84472,16.4932,0.788059,4.84472,16.4932,0.788059,0.177766,18.9208,0.788059,0.177766,23.3682,0.788059,3.18794,23.3682,0.788059,6.13886,6.42472,0.788059,10.4645,4.3788,0.788059,9.08977,4.3788,0.788059,10.4645,1.81842,0.788059,10.4645,1.81842,0.788059,7.45432,-0.101855,0.788059,6.21944,-0.101855,0.788059,3.12868,1.81842,0.788059,4.43941,1.81842,0.788059,0.177766,4.36694,0.788059,0.177766,8.81203,0.788059,3.17609,8.81203,0.788059,3.19979,8.81203,0.788059,10.4645,6.27537,0.788059,4.52,4.3788,0.788059,3.24482,4.3788,0.788059,5.97057,6.27537,0.788059,7.27182,9.19135,0.788059,10.4645,9.19135,0.788059,0.177766,11.7209,0.788059,0.177766,16.1138,0.788059,3.13816,16.1138,0.788059,10.4645,13.5772,0.788059,4.56977,11.728,0.788059,3.22112,11.728,0.788059,7.90466,13.5772,0.788059,7.90466,20.8031,-0.0519409,7.90466,23.3682,-0.0519409,7.90466,23.3682,-0.0519409,10.4645,16.5169,-0.0519409,10.4645,16.5169,-0.0519409,7.90466,20.8387,-0.0519411,4.75465,20.8387,-0.0519411,4.58636,19.0298,-0.0519412,3.3183,19.0298,-0.0519411,4.84472,16.4932,-0.0519411,4.84472,16.4932,-0.0519413,0.177766,18.9208,-0.0519413,0.177766,23.3682,-0.0519412,3.18794,23.3682,-0.051941,6.13886,6.42472,-0.0519409,10.4645,4.3788,-0.0519409,9.08977,4.3788,-0.0519409,10.4645,1.81842,-0.0519409,10.4645,1.81842,-0.051941,7.45432,-0.101855,-0.051941,6.21944,-0.101855,-0.0519412,3.12868,1.81842,-0.0519411,4.43941,1.81842,-0.0519413,0.177766,4.36694,-0.0519413,0.177766,8.81203,-0.0519412,3.17609,8.81203,-0.0519412,3.19979,8.81203,-0.0519409,10.4645,6.27537,-0.0519411,4.52,4.3788,-0.0519412,3.24482,4.3788,-0.051941,5.97057,6.27537,-0.051941,7.27182,9.19135,-0.0519409,10.4645,9.19135,-0.0519413,0.177766,11.7209,-0.0519413,0.177766,16.1138,-0.0519412,3.13816,16.1138,-0.0519409,10.4645,13.5772,-0.0519411,4.56977,11.728,-0.0519412,3.22112,11.728,-0.0519409,7.90466,13.5772,-0.0519409,7.90466,9.19135,-0.0519409,10.4645,9.19135,0.788059,10.4645,9.19135,-0.0519413,0.177766,9.19135,0.788059,0.177766,11.7209,-0.0519413,0.177766,11.7209,0.788059,0.177766,16.1138,-0.0519412,3.13816,16.1138,0.788059,3.13816,16.1138,-0.0519409,10.4645,16.1138,0.788059,10.4645,13.5772,-0.0519411,4.56977,13.5772,0.788059,4.56977,11.728,-0.0519412,3.22112,11.728,0.788059,3.22112,11.728,-0.0519409,7.90466,11.728,0.788059,7.90466,13.5772,-0.0519409,7.90466,13.5772,0.788059,7.90466,20.8031,-0.0519409,7.90466,20.8031,0.788059,7.90466,23.3682,-0.0519409,7.90466,23.3682,0.788059,7.90466,23.3682,-0.0519409,10.4645,23.3682,0.788059,10.4645,16.5169,-0.0519409,10.4645,16.5169,0.788059,10.4645,16.5169,-0.0519409,7.90466,16.5169,0.788059,7.90466,20.8387,-0.0519411,4.75465,20.8387,0.788059,4.75465,20.8387,-0.0519411,4.58636,20.8387,0.788059,4.58636,19.0298,-0.0519412,3.3183,19.0298,0.788059,3.3183,19.0298,-0.0519411,4.84472,19.0298,0.788059,4.84472,16.4932,-0.0519411,4.84472,16.4932,0.788059,4.84472,16.4932,-0.0519413,0.177766,16.4932,0.788059,0.177766,18.9208,-0.0519413,0.177766,18.9208,0.788059,0.177766,23.3682,-0.0519412,3.18794,23.3682,0.788059,3.18794,23.3682,-0.051941,6.13886,23.3682,0.788059,6.13886,6.42472,-0.0519409,10.4645,6.42472,0.788059,10.4645,4.3788,-0.0519409,9.08977,4.3788,0.788059,9.08977,4.3788,-0.0519409,10.4645,4.3788,0.788059,10.4645,1.81842,-0.0519409,10.4645,1.81842,0.788059,10.4645,1.81842,-0.051941,7.45432,1.81842,0.788059,7.45432,-0.101855,-0.051941,6.21944,-0.101855,0.788059,6.21944,-0.101855,-0.0519412,3.12868,-0.101855,0.788059,3.12868,1.81842,-0.0519411,4.43941,1.81842,0.788059,4.43941,1.81842,-0.0519413,0.177766,1.81842,0.788059,0.177766,4.36694,-0.0519413,0.177766,4.36694,0.788059,0.177766,8.81203,-0.0519412,3.17609,8.81203,0.788059,3.17609,8.81203,-0.0519412,3.19979,8.81203,0.788059,3.19979,8.81203,-0.0519409,10.4645,8.81203,0.788059,10.4645,6.27537,-0.0519411,4.52,6.27537,0.788059,4.52,4.3788,-0.0519412,3.24482,4.3788,0.788059,3.24482,4.3788,-0.051941,5.97057,4.3788,0.788059,5.97057,6.27537,-0.051941,7.27182,6.27537,0.788059,7.27182],
    "normals":[0,1,-4.19589e-08,5.13601e-09,1,-3.88875e-08,-6.02598e-10,1,-3.88653e-08,-4.71306e-09,1,-3.85696e-08,0,1,-0,-4.67755e-10,1,-4.60466e-08,2.14656e-09,1,-4.10234e-08,2.87453e-09,1,-4.37346e-08,-1.97845e-09,1,-3.56195e-08,7.52882e-09,1,-4.33202e-08,-2.35368e-09,1,-4.23752e-08,-1.85817e-09,1,-4.5378e-08,-1.48078e-09,1,-3.61618e-08,2.01635e-09,1,-3.96022e-08,-4.16572e-09,1,-2.99238e-08,0,1,-4.33575e-08,0,1,-4.33575e-08,0,1,-4.05603e-08,5.59904e-09,1,-3.91834e-08,-7.40872e-10,1,-3.91686e-08,-8.14827e-10,1,-4.30785e-08,5.3973e-10,1,-4.06784e-08,-2.78733e-08,1,-5.09056e-08,3.06116e-08,1,-5.36191e-08,0,1,-2.32846e-08,0,1,-3.83149e-08,6.4272e-10,1,-3.79806e-08,-1.13939e-09,1,-3.79187e-08,-1.21387e-09,1,-4.03974e-08,0,1,-3.90487e-08,4.24456e-08,1,-1.07552e-07,-2.35633e-08,1,0,4.28372e-09,1,-5.08888e-08,0,1,-6.75097e-08,0,1,-2.32846e-08,0,1,-2.32846e-08,0,-1,4.8952e-08,-6.10569e-10,-1,4.85869e-08,7.53247e-10,-1,4.85816e-08,4.71306e-09,-1,3.85696e-08,0,-1,0,4.67755e-10,-1,4.60466e-08,-2.14656e-09,-1,4.10234e-08,-2.87453e-09,-1,4.37346e-08,1.97845e-09,-1,3.56195e-08,-7.52882e-09,-1,4.33202e-08,2.35368e-09,-1,4.23752e-08,1.85817e-09,-1,4.5378e-08,1.48078e-09,-1,3.61618e-08,-2.01635e-09,-1,3.96022e-08,4.16572e-09,-1,2.99238e-08,0,-1,4.33575e-08,0,-1,4.33575e-08,0,-1,4.34574e-08,2.2178e-08,-1,4.89111e-08,9.26089e-10,-1,4.89608e-08,8.14827e-10,-1,4.30785e-08,-5.39732e-10,-1,4.06784e-08,9.70332e-09,-1,4.45424e-08,-9.8448e-09,-1,4.46826e-08,0,-1,3.49269e-08,0,-1,3.49269e-08,0,-1,4.47008e-08,4.95068e-09,-1,4.7276e-08,1.42424e-09,-1,4.73984e-08,1.21387e-09,-1,4.03974e-08,0,-1,3.90487e-08,-4.24456e-08,-1,1.07552e-07,2.35633e-08,-1,0,-1.32664e-09,-1,4.54849e-08,0,-1,5.06323e-08,0,-1,3.49269e-08,0,-1,3.49269e-08,-0.707083,0,0.707083,-0.707083,0,-0.707083,0.292154,0,-0.956359,0.882839,0,-0.469649,0.707083,0,0.707083,-0.891415,0,0.453169,0.453169,0,0.891415,0.707083,0,-0.707083,0.954894,0,-0.296884,-0.891324,0,-0.453291,-0.887112,0,0.461501,0.461501,0,0.887112,0.29313,0,-0.956053,0.883297,0,-0.468764,0.885159,0,0.465255,-0.291513,0,0.956542,0.470229,0,0.882504,-0.877743,0,0.47911,-0.467025,0,-0.884213,0.292367,0,-0.956298,0.882931,0,-0.469466,1,0,0,-0.882595,0,0.470107,0.470107,0,0.882595,0.884793,0,-0.465957,-0.465957,0,-0.884793],